Data1,Data2,Order Number,Data2,Data4

adsfghjb,fg345657567,OC32466,2345,89

vcbnghjk,hfgh4567687,OC76866,2346,90

kjluikzu,fghs34556657,OC76867,2347,91

dsfdsh102,gsdgdgdg324234,OC3475861,2348,92

dsfdsh103,gsdgdgdg324235,OC76869,2349,93
dsfdsh104,gsdgdgdg324236,OC76870,2350,94

dsfdsh105,gsdgdgdg324237,OC76871,2351,95

dsfdsh106,gsdgdgdg324238,OC3475856,2352,96
dsfdsh107,gsdgdgdg324239,OC76873,2353,97

dsfdsh108,gsdgdgdg324240,OC76874,2354,98

dsfdsh109,gsdgdgdg324241,OC3475863,2355,99

dsfdsh110,gsdgdgdg324242,OC76876,2356,100

dsfdsh111,gsdgdgdg324243,OC76877,2357,101

dsfdsh112,gsdgdgdg324244,OC76878,2358,102

dsfdsh113,gsdgdgdg324245,OC76879,2359,103

dsfdsh114,gsdgdgdg324246,OC23425,2360,104