Account Number,Data1,Order Number,Data2,Account Number,Bill Number,Data 4
102223,234234,OC23425,44433,102223,RE2345,565634234

210234,234234,OC32466,43456,210234,RE2467,65756756

102234,234234,OC3475856,4333,102234,RE23467,56734234

102235,234235,OC3475857,4334,102235,RE23468,56734235

102236,234236,OC3475858,4335,102236,RE23469,56734236

102237,234237,OC3475859,4336,102237,RE23470,56734237

102238,234238,OC3475860,4337,102238,RE23471,56734238

102239,234239,OC3475861,4338,102239,RE23472,56734239

102240,234240,OC3475862,4339,102240,RE23473,56734240

102241,234241,OC3475863,4340,102241,RE23474,56734241

102242,234242,OC3475864,4341,102242,RE23475,56734242
102243,234243,OC3475865,4342,102243,RE23476,56734243
